関東,埼玉スタジアム1,言わずと知れたサッカーの聖地。浦和レッズのホームスタジアム
関東,埼玉スタジアム2,言わずと知れたサッカーの聖地。浦和レッズのホームスタジアム
関東,埼玉スタジアム3,言わずと知れたサッカーの聖地。浦和レッズのホームスタジアム
関東,埼玉スタジアム4,言わずと知れたサッカーの聖地。浦和レッズのホームスタジアム
関東,埼玉スタジアム5,言わずと知れたサッカーの聖地。浦和レッズのホームスタジアム
関東,埼玉スタジアム6,言わずと知れたサッカーの聖地。浦和レッズのホームスタジアム
関東,埼玉スタジアム7,言わずと知れたサッカーの聖地。浦和レッズのホームスタジアム
関東,埼玉スタジアム8,言わずと知れたサッカーの聖地。浦和レッズのホームスタジアム
関東,埼玉スタジアム9,言わずと知れたサッカーの聖地。浦和レッズのホームスタジアム
関東,埼玉スタジアム10,言わずと知れたサッカーの聖地。浦和レッズのホームスタジアム
関東,埼玉スタジアム11,言わずと知れたサッカーの聖地。浦和レッズのホームスタジアム
関東,埼玉スタジアム12,言わずと知れたサッカーの聖地。浦和レッズのホームスタジアム
関東,埼玉スタジアム13,言わずと知れたサッカーの聖地。浦和レッズのホームスタジアム
関東,埼玉スタジアム14,言わずと知れたサッカーの聖地。浦和レッズのホームスタジアム
関東,埼玉スタジアム15,言わずと知れたサッカーの聖地。浦和レッズのホームスタジアム
関東,埼玉スタジアム16,言わずと知れたサッカーの聖地。浦和レッズのホームスタジアム
関東,埼玉スタジアム17,言わずと知れたサッカーの聖地。浦和レッズのホームスタジアム
関東,埼玉スタジアム18,言わずと知れたサッカーの聖地。浦和レッズのホームスタジアム
関東,埼玉スタジアム19,言わずと知れたサッカーの聖地。浦和レッズのホームスタジアム
関東,埼玉スタジアム20,言わずと知れたサッカーの聖地。浦和レッズのホームスタジアム
関東,埼玉スタジアム21,言わずと知れたサッカーの聖地。浦和レッズのホームスタジアム
関東,埼玉スタジアム22,言わずと知れたサッカーの聖地。浦和レッズのホームスタジアム
関東,埼玉スタジアム23,言わずと知れたサッカーの聖地。浦和レッズのホームスタジアム
関東,埼玉スタジアム24,言わずと知れたサッカーの聖地。浦和レッズのホームスタジアム
関東,埼玉スタジアム25,言わずと知れたサッカーの聖地。浦和レッズのホームスタジアム
関東,埼玉スタジアム26,言わずと知れたサッカーの聖地。浦和レッズのホームスタジアム
関東,埼玉スタジアム27,言わずと知れたサッカーの聖地。浦和レッズのホームスタジアム
関東,埼玉スタジアム28,言わずと知れたサッカーの聖地。浦和レッズのホームスタジアム
関東,埼玉スタジアム29,言わずと知れたサッカーの聖地。浦和レッズのホームスタジアム
関東,埼玉スタジアム30,言わずと知れたサッカーの聖地。浦和レッズのホームスタジアム
関東,埼玉スタジアム31,言わずと知れたサッカーの聖地。浦和レッズのホームスタジアム
関東,埼玉スタジアム32,言わずと知れたサッカーの聖地。浦和レッズのホームスタジアム
関東,埼玉スタジアム33,言わずと知れたサッカーの聖地。浦和レッズのホームスタジアム
関東,埼玉スタジアム34,言わずと知れたサッカーの聖地。浦和レッズのホームスタジアム
関東,埼玉スタジアム35,言わずと知れたサッカーの聖地。浦和レッズのホームスタジアム
関東,埼玉スタジアム36,言わずと知れたサッカーの聖地。浦和レッズのホームスタジアム
関東,埼玉スタジアム37,言わずと知れたサッカーの聖地。浦和レッズのホームスタジアム
関東,埼玉スタジアム38,言わずと知れたサッカーの聖地。浦和レッズのホームスタジアム
関東,埼玉スタジアム39,言わずと知れたサッカーの聖地。浦和レッズのホームスタジアム
関東,埼玉スタジアム40,言わずと知れたサッカーの聖地。浦和レッズのホームスタジアム
関東,埼玉スタジアム41,言わずと知れたサッカーの聖地。浦和レッズのホームスタジアム
関東,埼玉スタジアム42,言わずと知れたサッカーの聖地。浦和レッズのホームスタジアム
関東,埼玉スタジアム43,言わずと知れたサッカーの聖地。浦和レッズのホームスタジアム
関東,埼玉スタジアム44,言わずと知れたサッカーの聖地。浦和レッズのホームスタジアム
関東,埼玉スタジアム45,言わずと知れたサッカーの聖地。浦和レッズのホームスタジアム
関東,埼玉スタジアム46,言わずと知れたサッカーの聖地。浦和レッズのホームスタジアム
関東,埼玉スタジアム47,言わずと知れたサッカーの聖地。浦和レッズのホームスタジアム
関東,埼玉スタジアム48,言わずと知れたサッカーの聖地。浦和レッズのホームスタジアム
関東,埼玉スタジアム49,言わずと知れたサッカーの聖地。浦和レッズのホームスタジアム
関東,埼玉スタジアム50,言わずと知れたサッカーの聖地。浦和レッズのホームスタジアム
関東,埼玉スタジアム51,言わずと知れたサッカーの聖地。浦和レッズのホームスタジアム
関東,埼玉スタジアム52,言わずと知れたサッカーの聖地。浦和レッズのホームスタジアム
関東,埼玉スタジアム53,言わずと知れたサッカーの聖地。浦和レッズのホームスタジアム
関東,埼玉スタジアム54,言わずと知れたサッカーの聖地。浦和レッズのホームスタジアム
関東,埼玉スタジアム55,言わずと知れたサッカーの聖地。浦和レッズのホームスタジアム
関東,埼玉スタジアム56,言わずと知れたサッカーの聖地。浦和レッズのホームスタジアム
関東,埼玉スタジアム57,言わずと知れたサッカーの聖地。浦和レッズのホームスタジアム
関東,埼玉スタジアム58,言わずと知れたサッカーの聖地。浦和レッズのホームスタジアム
関東,埼玉スタジアム59,言わずと知れたサッカーの聖地。浦和レッズのホームスタジアム
関東,埼玉スタジアム60,言わずと知れたサッカーの聖地。浦和レッズのホームスタジアム
関東,埼玉スタジアム61,言わずと知れたサッカーの聖地。浦和レッズのホームスタジアム
関東,埼玉スタジアム62,言わずと知れたサッカーの聖地。浦和レッズのホームスタジアム
関東,埼玉スタジアム63,言わずと知れたサッカーの聖地。浦和レッズのホームスタジアム
関東,埼玉スタジアム64,言わずと知れたサッカーの聖地。浦和レッズのホームスタジアム
関東,埼玉スタジアム65,言わずと知れたサッカーの聖地。浦和レッズのホームスタジアム
関東,埼玉スタジアム66,言わずと知れたサッカーの聖地。浦和レッズのホームスタジアム
関東,埼玉スタジアム67,言わずと知れたサッカーの聖地。浦和レッズのホームスタジアム
関東,埼玉スタジアム68,言わずと知れたサッカーの聖地。浦和レッズのホームスタジアム
関東,埼玉スタジアム69,言わずと知れたサッカーの聖地。浦和レッズのホームスタジアム
関東,埼玉スタジアム70,言わずと知れたサッカーの聖地。浦和レッズのホームスタジアム
関東,埼玉スタジアム71,言わずと知れたサッカーの聖地。浦和レッズのホームスタジアム
関東,埼玉スタジアム72,言わずと知れたサッカーの聖地。浦和レッズのホームスタジアム
関東,埼玉スタジアム73,言わずと知れたサッカーの聖地。浦和レッズのホームスタジアム
関東,埼玉スタジアム74,言わずと知れたサッカーの聖地。浦和レッズのホームスタジアム
関東,埼玉スタジアム75,言わずと知れたサッカーの聖地。浦和レッズのホームスタジアム
関東,埼玉スタジアム76,言わずと知れたサッカーの聖地。浦和レッズのホームスタジアム
関東,埼玉スタジアム77,言わずと知れたサッカーの聖地。浦和レッズのホームスタジアム
関東,埼玉スタジアム78,言わずと知れたサッカーの聖地。浦和レッズのホームスタジアム
関東,埼玉スタジアム79,言わずと知れたサッカーの聖地。浦和レッズのホームスタジアム
関東,埼玉スタジアム80,言わずと知れたサッカーの聖地。浦和レッズのホームスタジアム
関東,埼玉スタジアム81,言わずと知れたサッカーの聖地。浦和レッズのホームスタジアム
関東,埼玉スタジアム82,言わずと知れたサッカーの聖地。浦和レッズのホームスタジアム
関東,埼玉スタジアム83,言わずと知れたサッカーの聖地。浦和レッズのホームスタジアム
関東,埼玉スタジアム84,言わずと知れたサッカーの聖地。浦和レッズのホームスタジアム
関東,埼玉スタジアム85,言わずと知れたサッカーの聖地。浦和レッズのホームスタジアム
関東,埼玉スタジアム86,言わずと知れたサッカーの聖地。浦和レッズのホームスタジアム
関東,埼玉スタジアム87,言わずと知れたサッカーの聖地。浦和レッズのホームスタジアム
関東,埼玉スタジアム88,言わずと知れたサッカーの聖地。浦和レッズのホームスタジアム
関東,埼玉スタジアム89,言わずと知れたサッカーの聖地。浦和レッズのホームスタジアム
関東,埼玉スタジアム90,言わずと知れたサッカーの聖地。浦和レッズのホームスタジアム
関東,埼玉スタジアム91,言わずと知れたサッカーの聖地。浦和レッズのホームスタジアム
関東,埼玉スタジアム92,言わずと知れたサッカーの聖地。浦和レッズのホームスタジアム
関東,埼玉スタジアム93,言わずと知れたサッカーの聖地。浦和レッズのホームスタジアム
関東,埼玉スタジアム94,言わずと知れたサッカーの聖地。浦和レッズのホームスタジアム
関東,埼玉スタジアム95,言わずと知れたサッカーの聖地。浦和レッズのホームスタジアム
関東,埼玉スタジアム96,言わずと知れたサッカーの聖地。浦和レッズのホームスタジアム
関東,埼玉スタジアム97,言わずと知れたサッカーの聖地。浦和レッズのホームスタジアム
関東,埼玉スタジアム98,言わずと知れたサッカーの聖地。浦和レッズのホームスタジアム
関東,埼玉スタジアム99,言わずと知れたサッカーの聖地。浦和レッズのホームスタジアム
関東,埼玉スタジアム100,言わずと知れたサッカーの聖地。浦和レッズのホームスタジアム
関東,埼玉スタジアム101,言わずと知れたサッカーの聖地。浦和レッズのホームスタジアム
関東,埼玉スタジアム102,言わずと知れたサッカーの聖地。浦和レッズのホームスタジアム
関東,埼玉スタジアム103,言わずと知れたサッカーの聖地。浦和レッズのホームスタジアム
関東,埼玉スタジアム104,言わずと知れたサッカーの聖地。浦和レッズのホームスタジアム
関東,埼玉スタジアム105,言わずと知れたサッカーの聖地。浦和レッズのホームスタジアム
関東,埼玉スタジアム106,言わずと知れたサッカーの聖地。浦和レッズのホームスタジアム
関東,埼玉スタジアム107,言わずと知れたサッカーの聖地。浦和レッズのホームスタジアム
関東,埼玉スタジアム108,言わずと知れたサッカーの聖地。浦和レッズのホームスタジアム
関東,埼玉スタジアム109,言わずと知れたサッカーの聖地。浦和レッズのホームスタジアム
関東,埼玉スタジアム110,言わずと知れたサッカーの聖地。浦和レッズのホームスタジアム
関東,埼玉スタジアム111,言わずと知れたサッカーの聖地。浦和レッズのホームスタジアム
関東,埼玉スタジアム112,言わずと知れたサッカーの聖地。浦和レッズのホームスタジアム
関東,埼玉スタジアム113,言わずと知れたサッカーの聖地。浦和レッズのホームスタジアム
関東,埼玉スタジアム114,言わずと知れたサッカーの聖地。浦和レッズのホームスタジアム
関東,埼玉スタジアム115,言わずと知れたサッカーの聖地。浦和レッズのホームスタジアム
関東,埼玉スタジアム116,言わずと知れたサッカーの聖地。浦和レッズのホームスタジアム
関東,埼玉スタジアム117,言わずと知れたサッカーの聖地。浦和レッズのホームスタジアム
関東,埼玉スタジアム118,言わずと知れたサッカーの聖地。浦和レッズのホームスタジアム
関東,埼玉スタジアム119,言わずと知れたサッカーの聖地。浦和レッズのホームスタジアム
関東,埼玉スタジアム120,言わずと知れたサッカーの聖地。浦和レッズのホームスタジアム
関東,埼玉スタジアム121,言わずと知れたサッカーの聖地。浦和レッズのホームスタジアム
関東,埼玉スタジアム122,言わずと知れたサッカーの聖地。浦和レッズのホームスタジアム
関東,埼玉スタジアム123,言わずと知れたサッカーの聖地。浦和レッズのホームスタジアム
関東,埼玉スタジアム124,言わずと知れたサッカーの聖地。浦和レッズのホームスタジアム
関東,埼玉スタジアム125,言わずと知れたサッカーの聖地。浦和レッズのホームスタジアム
関東,埼玉スタジアム126,言わずと知れたサッカーの聖地。浦和レッズのホームスタジアム
関東,埼玉スタジアム127,言わずと知れたサッカーの聖地。浦和レッズのホームスタジアム
関東,埼玉スタジアム128,言わずと知れたサッカーの聖地。浦和レッズのホームスタジアム
関東,埼玉スタジアム129,言わずと知れたサッカーの聖地。浦和レッズのホームスタジアム
関東,埼玉スタジアム130,言わずと知れたサッカーの聖地。浦和レッズのホームスタジアム
関東,埼玉スタジアム131,言わずと知れたサッカーの聖地。浦和レッズのホームスタジアム
関東,埼玉スタジアム132,言わずと知れたサッカーの聖地。浦和レッズのホームスタジアム
関東,埼玉スタジアム133,言わずと知れたサッカーの聖地。浦和レッズのホームスタジアム
関東,埼玉スタジアム134,言わずと知れたサッカーの聖地。浦和レッズのホームスタジアム
関東,埼玉スタジアム135,言わずと知れたサッカーの聖地。浦和レッズのホームスタジアム
関東,埼玉スタジアム136,言わずと知れたサッカーの聖地。浦和レッズのホームスタジアム
関東,埼玉スタジアム137,言わずと知れたサッカーの聖地。浦和レッズのホームスタジアム